{"licenses":[{"name":"","id":0,"url":""}],"info":{"contributor":"","date_created":"","description":"","url":"","version":"","year":""},"categories":[{"id":1,"name":"Karina Face","supercategory":""}],"images":[{"id":1,"width":630,"height":945,"file_name":"01.30658755.1.jpg","license":0,"flickr_url":"","coco_url":"","date_captured":0},{"id":2,"width":1200,"height":800,"file_name":"01.37198347.1.jpg","license":0,"flickr_url":"","coco_url":"","date_captured":0},{"id":3,"width":630,"height":805,"file_name":"03.31854476.1.jpg","license":0,"flickr_url":"","coco_url":"","date_captured":0},{"id":4,"width":640,"height":427,"file_name":"0ae8db7d-a863-4dae-9c9a-15bbd0657ffb.jpg","license":0,"flickr_url":"","coco_url":"","date_captured":0},{"id":5,"width":600,"height":400,"file_name":"1066089_764813_1259.jpg","license":0,"flickr_url":"","coco_url":"","date_captured":0},{"id":6,"width":640,"height":467,"file_name":"112103945.2.jpg","license":0,"flickr_url":"","coco_url":"","date_captured":0},{"id":7,"width":600,"height":489,"file_name":"117743_118254_839.jpg","license":0,"flickr_url":"","coco_url":"","date_captured":0},{"id":8,"width":400,"height":600,"file_name":"1716102549768258.jpg","license":0,"flickr_url":"","coco_url":"","date_captured":0},{"id":9,"width":1280,"height":854,"file_name":"2008599_51335_827.jpg","license":0,"flickr_url":"","coco_url":"","date_captured":0},{"id":10,"width":1280,"height":882,"file_name":"2013645_57503_479.jpg","license":0,"flickr_url":"","coco_url":"","date_captured":0},{"id":11,"width":699,"height":393,"file_name":"201998160_700.jpg","license":0,"flickr_url":"","coco_url":"","date_captured":0},{"id":12,"width":710,"height":474,"file_name":"202207111202567870_0.jpg","license":0,"flickr_url":"","coco_url":"","date_captured":0},{"id":13,"width":710,"height":474,"file_name":"202305221359387217_0.jpg","license":0,"flickr_url":"","coco_url":"","date_captured":0},{"id":14,"width":680,"height":356,"file_name":"20231011510060.jpg","license":0,"flickr_url":"","coco_url":"","date_captured":0},{"id":15,"width":710,"height":1065,"file_name":"202405131108237666_0.jpg","license":0,"flickr_url":"","coco_url":"","date_captured":0},{"id":16,"width":1280,"height":1792,"file_name":"20240520050136_0.jpg","license":0,"flickr_url":"","coco_url":"","date_captured":0},{"id":17,"width":710,"height":473,"file_name":"202406080744098450_0.jpg","license":0,"flickr_url":"","coco_url":"","date_captured":0},{"id":18,"width":600,"height":407,"file_name":"2024102211457255849_1.jpg","license":0,"flickr_url":"","coco_url":"","date_captured":0},{"id":19,"width":720,"height":501,"file_name":"237974_248939_178.jpg","license":0,"flickr_url":"","coco_url":"","date_captured":0},{"id":20,"width":720,"height":480,"file_name":"298563_331573_2853.jpg","license":0,"flickr_url":"","coco_url":"","date_captured":0},{"id":21,"width":640,"height":912,"file_name":"2D56UZO5QQ_1.jpg","license":0,"flickr_url":"","coco_url":"","date_captured":0},{"id":22,"width":1000,"height":1425,"file_name":"40f9a997-c67f-4045-9d00-374dcaa4b0be.jpg","license":0,"flickr_url":"","coco_url":"","date_captured":0},{"id":23,"width":1280,"height":853,"file_name":"530347_658717_3110.jpg","license":0,"flickr_url":"","coco_url":"","date_captured":0},{"id":24,"width":1280,"height":854,"file_name":"53433_100364_1720090981.jpg","license":0,"flickr_url":"","coco_url":"","date_captured":0},{"id":25,"width":1280,"height":905,"file_name":"543671_683283_204.jpg","license":0,"flickr_url":"","coco_url":"","date_captured":0},{"id":26,"width":600,"height":400,"file_name":"560171_885687_314.jpg","license":0,"flickr_url":"","coco_url":"","date_captured":0},{"id":27,"width":1280,"height":853,"file_name":"57211_68988_2350.jpg","license":0,"flickr_url":"","coco_url":"","date_captured":0},{"id":28,"width":600,"height":400,"file_name":"6892_5838_1548.jpg","license":0,"flickr_url":"","coco_url":"","date_captured":0},{"id":29,"width":960,"height":1440,"file_name":"74835_85712_5150.jpg","license":0,"flickr_url":"","coco_url":"","date_captured":0},{"id":30,"width":1872,"height":1575,"file_name":"782a5f83-03e3-4dfd-8473-567a972fbcb2.jpg","license":0,"flickr_url":"","coco_url":"","date_captured":0},{"id":31,"width":600,"height":450,"file_name":"79196_106532_1684653876.jpg","license":0,"flickr_url":"","coco_url":"","date_captured":0},{"id":32,"width":1280,"height":721,"file_name":"93116_113069_3933.jpg","license":0,"flickr_url":"","coco_url":"","date_captured":0},{"id":33,"width":1200,"height":800,"file_name":"BF.34128897.1.jpg","license":0,"flickr_url":"","coco_url":"","date_captured":0},{"id":34,"width":640,"height":427,"file_name":"NISI20201102_0000628280_web.jpg","license":0,"flickr_url":"","coco_url":"","date_captured":0},{"id":35,"width":720,"height":480,"file_name":"NISI20220731_0001053671_web.jpg","license":0,"flickr_url":"","coco_url":"","date_captured":0},{"id":36,"width":600,"height":895,"file_name":"PERSON_20230227075526_ec62611117935aeaf1dfd62c5ea7bf59.jpg","license":0,"flickr_url":"","coco_url":"","date_captured":0},{"id":37,"width":550,"height":367,"file_name":"mb_1683074633656086.jpg","license":0,"flickr_url":"","coco_url":"","date_captured":0},{"id":38,"width":540,"height":675,"file_name":"news-p.v1.20221107.cf9e478da5c240dea2f228724f5e50f3_P1.jpg","license":0,"flickr_url":"","coco_url":"","date_captured":0},{"id":39,"width":1400,"height":966,"file_name":"news-p.v1.20241021.1dab4c4120284a44a9a5b91e9beea018_Z1.jpg","license":0,"flickr_url":"","coco_url":"","date_captured":0},{"id":40,"width":1500,"height":1000,"file_name":"에스파-첫-정규-Armageddon-이미지.jpg","license":0,"flickr_url":"","coco_url":"","date_captured":0}],"annotations":[{"id":1,"image_id":1,"category_id":1,"segmentation":[],"area":4314.6201999999985,"bbox":[225.66,303.45,57.86,74.57],"iscrowd":0,"attributes":{"occluded":false,"rotation":0.0}},{"id":2,"image_id":2,"category_id":1,"segmentation":[],"area":10013.213599999997,"bbox":[189.66,99.32,87.62,114.28],"iscrowd":0,"attributes":{"occluded":false,"rotation":0.0}},{"id":3,"image_id":3,"category_id":1,"segmentation":[],"area":7007.069700000003,"bbox":[504.46,119.38,72.29,96.93],"iscrowd":0,"attributes":{"occluded":false,"rotation":0.0}},{"id":4,"image_id":4,"category_id":1,"segmentation":[],"area":5968.550399999995,"bbox":[450.99,61.0,75.82,78.72],"iscrowd":0,"attributes":{"occluded":false,"rotation":0.0}},{"id":5,"image_id":5,"category_id":1,"segmentation":[],"area":5019.830399999998,"bbox":[236.33,44.22,66.12,75.92],"iscrowd":0,"attributes":{"occluded":false,"rotation":0.0}},{"id":6,"image_id":6,"category_id":1,"segmentation":[],"area":3361.6281999999983,"bbox":[340.0,99.13,58.78,57.19],"iscrowd":0,"attributes":{"occluded":false,"rotation":0.0}},{"id":7,"image_id":7,"category_id":1,"segmentation":[],"area":3157.960100000001,"bbox":[183.57,25.63,50.23,62.87],"iscrowd":0,"attributes":{"occluded":false,"rotation":0.0}},{"id":8,"image_id":8,"category_id":1,"segmentation":[],"area":3665.2767999999987,"bbox":[136.33,129.18,51.02,71.84],"iscrowd":0,"attributes":{"occluded":false,"rotation":0.0}},{"id":9,"image_id":9,"category_id":1,"segmentation":[],"area":29972.651300000005,"bbox":[401.23,63.0,171.97,174.29],"iscrowd":0,"attributes":{"occluded":false,"rotation":0.0}},{"id":10,"image_id":10,"category_id":1,"segmentation":[],"area":44284.32000000001,"bbox":[430.02,48.3,183.6,241.2],"iscrowd":0,"attributes":{"occluded":false,"rotation":0.0}},{"id":11,"image_id":11,"category_id":1,"segmentation":[],"area":2449.2370000000046,"bbox":[570.29,53.96,44.29,55.3],"iscrowd":0,"attributes":{"occluded":false,"rotation":0.0}},{"id":12,"image_id":12,"category_id":1,"segmentation":[],"area":13291.036399999997,"bbox":[223.44,30.8,103.82,128.02],"iscrowd":0,"attributes":{"occluded":false,"rotation":0.0}},{"id":13,"image_id":13,"category_id":1,"segmentation":[],"area":5525.479800000002,"bbox":[389.82,66.92,66.42,83.19],"iscrowd":0,"attributes":{"occluded":false,"rotation":0.0}},{"id":14,"image_id":14,"category_id":1,"segmentation":[],"area":9198.188999999997,"bbox":[369.25,15.96,90.09,102.1],"iscrowd":0,"attributes":{"occluded":false,"rotation":0.0}},{"id":15,"image_id":15,"category_id":1,"segmentation":[],"area":10502.499799999998,"bbox":[73.87,233.26,88.39,118.82],"iscrowd":0,"attributes":{"occluded":false,"rotation":0.0}},{"id":16,"image_id":16,"category_id":1,"segmentation":[],"area":108720.92789999994,"bbox":[880.11,822.2,287.69,377.91],"iscrowd":0,"attributes":{"occluded":false,"rotation":0.0}},{"id":17,"image_id":17,"category_id":1,"segmentation":[],"area":9404.43,"bbox":[97.59,102.0,99.75,94.28],"iscrowd":0,"attributes":{"occluded":false,"rotation":0.0}},{"id":18,"image_id":18,"category_id":1,"segmentation":[],"area":14856.346999999996,"bbox":[188.13,32.39,114.65,129.58],"iscrowd":0,"attributes":{"occluded":false,"rotation":0.0}},{"id":19,"image_id":19,"category_id":1,"segmentation":[],"area":11338.408799999997,"bbox":[385.91,27.61,104.29,108.72],"iscrowd":0,"attributes":{"occluded":false,"rotation":0.0}},{"id":20,"image_id":20,"category_id":1,"segmentation":[],"area":11603.842399999998,"bbox":[85.71,40.33,95.02,122.12],"iscrowd":0,"attributes":{"occluded":false,"rotation":0.0}},{"id":21,"image_id":21,"category_id":1,"segmentation":[],"area":27053.51950000001,"bbox":[186.02,277.65,140.21,192.95],"iscrowd":0,"attributes":{"occluded":false,"rotation":0.0}},{"id":22,"image_id":22,"category_id":1,"segmentation":[],"area":13643.627199999999,"bbox":[280.91,493.4,118.27,115.36],"iscrowd":0,"attributes":{"occluded":false,"rotation":0.0}},{"id":23,"image_id":23,"category_id":1,"segmentation":[],"area":53160.426999999974,"bbox":[718.32,16.25,201.35,264.02],"iscrowd":0,"attributes":{"occluded":false,"rotation":0.0}},{"id":24,"image_id":24,"category_id":1,"segmentation":[],"area":7905.489500000002,"bbox":[832.3,276.79,90.05,87.79],"iscrowd":0,"attributes":{"occluded":false,"rotation":0.0}},{"id":25,"image_id":25,"category_id":1,"segmentation":[],"area":24015.4328,"bbox":[675.72,91.72,147.76,162.53],"iscrowd":0,"attributes":{"occluded":false,"rotation":0.0}},{"id":26,"image_id":26,"category_id":1,"segmentation":[],"area":5416.619600000002,"bbox":[360.14,41.77,67.48,80.27],"iscrowd":0,"attributes":{"occluded":false,"rotation":0.0}},{"id":27,"image_id":27,"category_id":1,"segmentation":[],"area":48941.4666,"bbox":[692.21,127.66,207.74,235.59],"iscrowd":0,"attributes":{"occluded":false,"rotation":0.0}},{"id":28,"image_id":28,"category_id":1,"segmentation":[],"area":3916.659400000003,"bbox":[328.84,75.78,58.51,66.94],"iscrowd":0,"attributes":{"occluded":false,"rotation":0.0}},{"id":29,"image_id":29,"category_id":1,"segmentation":[],"area":47606.38920000001,"bbox":[442.77,259.1,200.82,237.06],"iscrowd":0,"attributes":{"occluded":false,"rotation":0.0}},{"id":30,"image_id":30,"category_id":1,"segmentation":[],"area":270368.2102,"bbox":[205.29,31.07,548.57,492.86],"iscrowd":0,"attributes":{"occluded":false,"rotation":0.0}},{"id":31,"image_id":31,"category_id":1,"segmentation":[],"area":6592.422500000001,"bbox":[331.53,126.89,77.75,84.79],"iscrowd":0,"attributes":{"occluded":false,"rotation":0.0}},{"id":32,"image_id":32,"category_id":1,"segmentation":[],"area":22874.625600000003,"bbox":[185.3,385.07,144.52,158.28],"iscrowd":0,"attributes":{"occluded":false,"rotation":0.0}},{"id":33,"image_id":33,"category_id":1,"segmentation":[],"area":17164.855999999992,"bbox":[430.75,154.83,114.28,150.2],"iscrowd":0,"attributes":{"occluded":false,"rotation":0.0}},{"id":34,"image_id":34,"category_id":1,"segmentation":[],"area":12583.135199999999,"bbox":[56.53,109.8,107.76,116.77],"iscrowd":0,"attributes":{"occluded":false,"rotation":0.0}},{"id":35,"image_id":35,"category_id":1,"segmentation":[],"area":6413.603600000001,"bbox":[286.53,65.8,74.12,86.53],"iscrowd":0,"attributes":{"occluded":false,"rotation":0.0}},{"id":36,"image_id":36,"category_id":1,"segmentation":[],"area":3175.794000000004,"bbox":[368.77,376.26,51.14,62.1],"iscrowd":0,"attributes":{"occluded":false,"rotation":0.0}},{"id":37,"image_id":37,"category_id":1,"segmentation":[],"area":5274.968999999999,"bbox":[291.97,52.43,50.19,105.1],"iscrowd":0,"attributes":{"occluded":false,"rotation":0.0}},{"id":38,"image_id":38,"category_id":1,"segmentation":[],"area":17079.944,"bbox":[182.74,261.72,114.8,148.78],"iscrowd":0,"attributes":{"occluded":false,"rotation":0.0}},{"id":39,"image_id":39,"category_id":1,"segmentation":[],"area":21082.5238,"bbox":[738.11,41.74,135.37,155.74],"iscrowd":0,"attributes":{"occluded":false,"rotation":0.0}},{"id":40,"image_id":40,"category_id":1,"segmentation":[],"area":90187.78840000002,"bbox":[488.1,181.29,264.62,340.82],"iscrowd":0,"attributes":{"occluded":false,"rotation":0.0}}]}